timestamp,amount,premium_slot,strategy_activate_ltv,strategy_activate_amount
2022-03-14T19:13:24Z,1689,0.1,0.99,1000000
2022-03-14T19:12:16Z,432,0.04,0.99,1000000
2022-03-14T19:11:29Z,507,0.06,0.99,1000000
2022-03-14T19:08:01Z,330,0.03,0.99,1000000
2022-03-14T16:11:20Z,82,0.03,0.99,1000000
2022-03-14T14:49:47Z,404,0.06,0.96,3000000
2022-03-14T12:54:55Z,660,0.04,0.98,25000000
2022-03-14T12:01:17Z,14,0.04,0.99,1000000
2022-03-14T09:53:12Z,4952,0.04,0.96,3000000
2022-03-14T09:40:26Z,825,0.03,0.96,3000000
2022-03-14T09:05:22Z,124,0.04,0.99,1000000
2022-03-14T09:05:09Z,158,0.04,0.99,1000000
2022-03-14T08:17:59Z,140,0.01,0.96,3000000
2022-03-13T23:08:23Z,82,0.08,0.99,1000000
2022-03-13T23:07:04Z,82,0.05,0.99,1000000
2022-03-13T23:06:16Z,82,0.06,0.99,1000000
2022-03-13T21:18:26Z,1651,0.07,0.98,25000000
2022-03-13T19:37:21Z,86,0.02,0.96,1000000
2022-03-13T16:53:12Z,825,0.06,0.98,25000000
2022-03-13T15:57:35Z,8,0.03,0.99,1000000
2022-03-13T15:57:16Z,49,0.03,0.99,1000000
2022-03-13T12:12:44Z,39,0.04,0.96,3000000
2022-03-13T09:14:53Z,619,0.03,0.96,3000000
2022-03-12T22:02:23Z,312,0.06,0.99,1000000
2022-03-12T18:13:12Z,29,0.04,0.99,1000000
2022-03-12T04:01:53Z,413,0.04,0.96,3000000
2022-03-11T23:27:20Z,1858,0.04,0.98,25000000
2022-03-11T23:18:47Z,82,0.03,0.99,1000000
2022-03-11T20:49:16Z,4,0.03,0.97,2000000
2022-03-11T20:48:17Z,10,0.04,0.97,2000000
2022-03-11T19:45:08Z,165,0.05,0.96,3000000
2022-03-11T19:43:14Z,79,0.04,0.98,25000000
2022-03-11T19:04:41Z,330,0.06,0.98,25000000
2022-03-11T18:42:44Z,28930,0.25,0.96,3000000
2022-03-11T18:31:42Z,24,0.04,0.98,25000000
2022-03-11T16:45:51Z,322,0.1,0.98,25000000
2022-03-11T16:45:06Z,413,0.14,0.96,3000000
2022-03-11T16:44:45Z,413,0.12,0.96,3000000
2022-03-11T16:44:06Z,382,0.11,0.98,25000000
2022-03-11T16:43:26Z,143,0.13,0.99,1000000
2022-03-11T16:30:11Z,198,0.04,0.98,25000000
2022-03-11T16:29:39Z,330,0.05,0.98,25000000
2022-03-11T16:12:47Z,8,0.05,0.99,1000000
2022-03-11T13:40:42Z,248,0.06,0.99,1000000
2022-03-11T08:58:29Z,41,0.02,0.99,1000000
2022-03-11T05:36:41Z,1,0.05,0.99,1000000
2022-03-11T05:10:07Z,147,0.06,0.96,3000000
2022-03-11T05:09:13Z,190,0.04,0.96,3000000
2022-03-11T04:25:01Z,826,0.04,0.99,3000000
2022-03-10T22:23:44Z,34,0.05,0.98,25000000
2022-03-10T22:23:44Z,82,0.05,0.98,25000000
2022-03-10T20:00:50Z,206,0.08,0.98,25000000
2022-03-10T19:02:46Z,10423,0.1,0.99,1000000
2022-03-10T18:32:22Z,2150,0.03,0.99,1000000
2022-03-10T18:09:59Z,372,0.04,0.99,1000000
2022-03-10T18:09:40Z,372,0.03,0.99,1000000
2022-03-10T15:36:42Z,446,0.03,0.99,1000000
2022-03-10T08:44:13Z,8157,0.04,0.99,1000000
2022-03-10T08:43:33Z,18346,0.04,0.99,1000000
2022-03-10T08:05:58Z,165,0.05,0.99,1000000
2022-03-10T06:40:12Z,53,0.04,0.98,25000000
2022-03-10T04:50:30Z,8,0.03,0.96,3000000
2022-03-09T18:32:39Z,16,0.03,0.99,1000000
2022-03-09T17:45:59Z,91,0.08,0.99,1000000
2022-03-09T17:05:27Z,1655,0.09,0.96,3000000
2022-03-09T17:03:09Z,1655,0.07,0.96,3000000
2022-03-09T16:59:29Z,5052,0.09,0.98,25000000
2022-03-09T16:05:25Z,213,0.02,0.95,2000000
2022-03-09T15:53:39Z,19,0.1,0.99,1000000
2022-03-09T15:53:01Z,39,0.05,0.99,1000000
2022-03-09T14:55:22Z,360,0.04,0.99,1000000
2022-03-09T14:51:26Z,413,0.06,0.99,1000000
2022-03-09T14:50:52Z,662,0.07,0.99,1000000
2022-03-09T13:37:09Z,41,0.1,0.98,25000000
2022-03-09T13:36:36Z,82,0.05,0.99,1000000
2022-03-09T11:28:41Z,1655,0.05,0.98,25000000
2022-03-09T06:00:56Z,827,0.05,0.99,1000000
2022-03-09T04:31:33Z,10,0.03,0.98,25000000
2022-03-09T03:13:47Z,8,0.01,0.96,3000000
2022-03-09T02:25:02Z,187,0.03,0.96,3000000
2022-03-09T02:18:52Z,1821,0.03,0.99,1000000
2022-03-09T02:18:19Z,1324,0.02,0.99,1000000
2022-03-09T01:53:35Z,225,0.04,0.99,1000000
2022-03-09T01:51:25Z,14,0.02,0.98,25000000
2022-03-09T01:10:58Z,993,0.04,0.98,25000000
2022-03-09T00:34:35Z,662,0.03,0.99,1000000
2022-03-08T22:35:38Z,41,0.1,0.99,1000000
2022-03-08T22:06:14Z,3352,0.04,0.98,25000000
2022-03-08T15:35:11Z,413,0.05,0.99,1000000
2022-03-08T14:01:07Z,1175,0.04,0.99,1000000
2022-03-08T13:59:34Z,1656,0.09,0.99,1000000
2022-03-08T13:57:46Z,1656,0.05,0.99,1000000
2022-03-08T13:44:23Z,26,0.04,0.98,25000000
2022-03-08T12:35:04Z,188,0.03,0.98,25000000
2022-03-08T09:06:10Z,78,0.07,0.99,1000000
2022-03-08T08:21:00Z,898,0.03,0.96,3000000
2022-03-08T00:20:48Z,411,0.05,0.97,4000000
2022-03-07T23:15:26Z,104,0.05,0.98,25000000
2022-03-07T22:04:12Z,20,0.03,0.97,2000000
2022-03-07T21:56:16Z,82,0.06,0.96,3000000
2022-03-07T21:52:46Z,414,0.1,0.98,25000000
2022-03-07T21:51:52Z,414,0.06,0.99,1000000
2022-03-07T21:50:53Z,414,0.04,0.98,25000000
2022-03-07T20:39:23Z,8,0.05,0.96,3000000
2022-03-07T20:37:23Z,8,0.06,0.98,25000000
2022-03-07T20:04:36Z,8,0.07,0.96,3000000
2022-03-07T20:03:30Z,8,0.08,0.99,1000000
2022-03-07T20:00:03Z,8,0.09,0.98,25000000
2022-03-07T19:59:08Z,8,0.1,0.99,1000000
2022-03-07T19:49:33Z,5,0.04,0.99,1000000
2022-03-07T19:48:16Z,8,0.12,0.99,1000000
2022-03-07T19:41:11Z,8,0.11,0.96,3000000
2022-03-07T19:38:39Z,8,0.13,0.99,1000000
2022-03-07T19:17:53Z,46,0.03,0.96,3000000
2022-03-07T11:33:03Z,458,0.03,0.96,3000000
2022-03-07T10:47:36Z,33,0.05,0.96,3000000
2022-03-07T10:46:50Z,33,0.03,0.96,3000000
2022-03-07T10:46:06Z,289,0.04,0.96,3000000
2022-03-07T07:07:24Z,372,0.2,0.98,25000000
2022-03-07T01:19:45Z,56,0.03,0.98,25000000
2022-03-06T22:09:08Z,8,0.05,0.99,1000000
2022-03-06T21:38:19Z,1506,0.04,0.99,1000000
2022-03-06T21:37:54Z,828,0.07,0.98,25000000
2022-03-06T21:36:40Z,1614,0.05,0.99,1000000
2022-03-06T21:36:07Z,79,0.03,0.99,1000000
2022-03-06T21:31:26Z,38,0.03,0.99,1000000
2022-03-06T19:29:52Z,207,0.06,0.98,25000000
2022-03-06T19:29:12Z,828,0.03,0.98,25000000
2022-03-06T16:27:06Z,120,0.03,0.99,1000000
2022-03-06T15:03:21Z,580,0.07,0.98,25000000
2022-03-06T14:49:11Z,41,0.05,0.98,25000000
2022-03-06T13:29:05Z,414,0.03,0.98,25000000
2022-03-06T11:32:26Z,497,0.03,0.99,1000000
2022-03-06T10:41:36Z,87,0.03,0.99,1000000
2022-03-06T10:14:58Z,132,0.03,0.99,1000000
2022-03-06T08:44:48Z,24,0.04,0.99,1000000
2022-03-06T08:44:33Z,24,0.03,0.96,3000000
2022-03-06T06:57:23Z,124,0.09,0.98,25000000
2022-03-06T06:17:15Z,72,0.04,0.95,1000000
2022-03-06T06:14:37Z,607,0.04,0.95,1000000
2022-03-06T05:50:33Z,829,0.02,0.98,25000000
2022-03-06T00:30:40Z,538,0.03,0.96,3000000
2022-03-05T23:27:15Z,9,0.04,0.96,3000000
2022-03-05T23:03:02Z,435,0.03,0.96,3000000
2022-03-05T22:57:39Z,829,0.05,0.99,1000000
2022-03-05T19:12:50Z,82,0.03,0.99,1000000
2022-03-05T16:39:42Z,2445,0.03,0.98,25000000
2022-03-05T16:13:39Z,4146,0.03,0.96,3000000
2022-03-05T16:02:08Z,41465,0.04,0.98,25000000
2022-03-05T15:36:51Z,62,0.04,0.98,25000000
2022-03-05T14:52:31Z,24,0.03,0.98,25000000
2022-03-05T12:27:56Z,46,0.04,0.99,1000000
2022-03-05T10:53:59Z,4,0.08,0.98,25000000
2022-03-05T10:22:22Z,16,0.03,0.97,2000000
2022-03-05T10:17:12Z,146,0.03,0.98,25000000
2022-03-05T10:02:33Z,1,0.02,0.99,1000000
2022-03-05T09:35:43Z,41,0.15,0.99,1000000
2022-03-05T09:31:40Z,41,0.15,0.99,1000000
2022-03-05T09:31:20Z,28,0.07,0.99,1000000
2022-03-05T09:29:34Z,82,0.1,0.99,1000000
2022-03-05T09:29:02Z,82,0.12,0.99,1000000
2022-03-05T07:26:59Z,14,0.07,0.99,1000000
2022-03-05T07:26:40Z,41,0.1,0.99,1000000
2022-03-05T06:36:30Z,124,0.07,0.98,25000000
2022-03-05T00:52:23Z,37,0.06,0.98,25000000
2022-03-04T22:20:13Z,207,0.02,0.96,3000000
2022-03-04T22:10:09Z,24,0.03,0.97,2000000
2022-03-04T22:02:21Z,5092,0.03,0.97,1000000
2022-03-04T20:14:20Z,16594,0.08,0.99,1000000
2022-03-04T15:31:26Z,192,0.05,0.98,25000000
2022-03-04T15:04:28Z,622,0.03,0.98,25000000
2022-03-04T11:56:20Z,82,0.03,0.98,25000000
2022-03-04T08:50:53Z,1744,0.05,0.99,1000000
2022-03-04T07:49:01Z,165,0.06,0.96,3000000
2022-03-04T07:48:41Z,165,0.05,0.96,3000000
2022-03-04T07:48:13Z,303,0.04,0.96,3000000
2022-03-03T23:38:07Z,149,0.02,0.99,1000000
2022-03-03T23:37:40Z,149,0.03,0.99,1000000
2022-03-03T23:02:07Z,16,0.03,0.99,1000000
2022-03-03T22:54:51Z,3,0.03,0.99,1000000
2022-03-03T19:48:25Z,664,0.05,0.99,1000000
2022-03-03T09:19:16Z,41,0.1,0.98,25000000
2022-03-03T06:40:19Z,83,0.05,0.98,1000000
2022-03-03T06:39:27Z,54,0.04,0.97,1000000
2022-03-03T06:16:04Z,758,0.04,0.99,1000000
2022-03-03T05:30:02Z,1909,0.06,0.99,1000000
2022-03-03T04:50:49Z,83,0.07,0.99,1000000
2022-03-03T04:49:51Z,124,0.06,0.99,1000000
2022-03-03T00:55:07Z,415,0.05,0.98,25000000
2022-03-02T23:22:37Z,2,0.06,0.99,1000000
2022-03-02T21:18:22Z,33,0.04,0.99,1000000
2022-03-02T17:51:48Z,,0.19,0.98,25000000
2022-03-02T16:45:34Z,12187,0.05,0.99,1000000
2022-03-02T16:29:41Z,834,0.01,0.99,1000000
2022-03-02T16:26:33Z,847,0.04,0.99,1000000
2022-03-02T15:13:59Z,1661,0.03,0.98,25000000
2022-03-02T14:25:37Z,4,0.03,0.99,1000000
2022-03-02T12:34:00Z,74,0.1,0.99,1000000
2022-03-02T11:37:08Z,622,0.04,0.98,25000000
2022-03-02T11:36:07Z,830,0.06,0.96,3000000
2022-03-02T11:23:45Z,256,0.04,0.96,3000000
2022-03-02T11:23:19Z,498,0.2,0.96,3000000
2022-03-02T10:52:18Z,9,0.03,0.96,3000000
2022-03-02T06:37:02Z,1080,0.07,0.99,1000000
2022-03-02T04:28:25Z,3140,0.05,0.98,25000000
2022-03-02T03:47:52Z,415,0.08,0.98,25000000
2022-03-02T03:46:14Z,415,0.12,0.98,25000000
2022-03-02T01:19:15Z,1661,0.04,0.99,1000000
2022-03-01T21:50:51Z,146,0.04,0.98,25000000
2022-03-01T19:29:59Z,465,0.03,0.98,25000000
2022-03-01T19:29:14Z,1662,0.06,0.98,25000000
2022-03-01T19:23:46Z,1246,0.04,0.99,1000000
2022-03-01T19:21:20Z,912,0.06,0.98,25000000
2022-03-01T19:18:28Z,1662,0.02,0.96,3000000
2022-03-01T19:17:24Z,1662,0.05,0.98,25000000
2022-03-01T19:01:43Z,831,0.03,0.99,1000000
2022-03-01T19:00:51Z,1662,0.04,0.98,25000000
2022-03-01T16:55:01Z,831,0.04,0.95,1000000
2022-03-01T15:19:36Z,1042,0.07,0.99,1000000
2022-03-01T13:03:49Z,261,0.04,0.98,25000000
2022-03-01T12:45:41Z,1246,0.06,0.98,25000000
2022-03-01T10:41:11Z,4,0.3,0.99,1000000
2022-03-01T10:38:56Z,166,0.07,0.99,1000000
2022-03-01T07:20:53Z,6,0.05,0.99,1000000
2022-03-01T06:38:58Z,872,0.04,0.99,1000000
2022-03-01T06:38:12Z,872,0.03,0.99,1000000
2022-03-01T04:42:20Z,320,0.04,0.98,25000000
2022-03-01T04:02:33Z,359,0.04,0.98,25000000
2022-03-01T02:28:03Z,97,0.04,0.99,1000000
2022-03-01T02:27:06Z,87,0.3,0.99,1000000
2022-02-28T23:39:08Z,8626,0.04,0.99,1000000
2022-02-28T23:34:09Z,66,0.08,0.98,25000000
2022-02-28T23:33:37Z,83,0.1,0.98,25000000
2022-02-28T20:11:43Z,8,0.02,0.97,2000000
2022-02-28T19:40:08Z,8,0.03,0.98,25000000
2022-02-28T19:17:22Z,831,0.09,0.99,1000000
2022-02-28T17:01:13Z,4656,0.05,0.96,3000000
2022-02-28T02:18:26Z,162,0.25,0.99,1000000
2022-02-28T01:15:28Z,487,0.03,0.97,1000000
2022-02-28T01:10:12Z,26,0.03,0.96,3000000
2022-02-27T22:30:12Z,249,0.05,0.96,3000000
2022-02-27T18:56:17Z,83,0.04,0.96,3000000
2022-02-27T18:02:52Z,183,0.07,0.98,25000000
2022-02-27T18:02:18Z,86,0.07,0.98,25000000
2022-02-27T16:57:10Z,815,0.11,0.99,1000000
2022-02-27T15:30:18Z,33,0.05,0.99,1000000
2022-02-27T13:06:54Z,832,0.03,0.99,1000000
2022-02-27T13:05:43Z,832,0.05,0.99,1000000
2022-02-27T13:04:25Z,832,0.04,0.99,1000000
2022-02-27T11:19:20Z,108,0.1,0.99,1000000
2022-02-27T09:20:33Z,208,0.06,0.99,1000000
2022-02-27T09:08:52Z,661,0.03,0.98,25000000
2022-02-27T09:08:18Z,873,0.04,0.98,25000000
2022-02-27T09:07:47Z,1323,0.03,0.96,3000000
2022-02-27T04:43:51Z,166,0.25,0.99,1000000
2022-02-27T01:01:08Z,249,0.03,0.95,1000000
2022-02-26T22:38:39Z,124,0.04,0.96,3000000
2022-02-26T21:40:56Z,2,0.03,0.99,1000000
2022-02-26T19:45:38Z,416,0.1,0.99,1000000
2022-02-26T17:39:06Z,176,0.05,0.99,1000000
2022-02-26T13:10:31Z,3330,0.04,0.96,3000000
2022-02-26T12:45:50Z,87,0.3,0.99,1000000
2022-02-26T07:52:13Z,40,0.04,0.98,25000000
2022-02-26T07:51:29Z,155,0.08,0.98,25000000
2022-02-26T06:46:05Z,546,0.1,0.96,3000000
2022-02-26T04:41:35Z,1332,0.03,0.99,1000000
2022-02-26T02:36:04Z,249,0.1,0.98,25000000
2022-02-26T02:32:44Z,12,0.03,0.99,1000000
2022-02-26T02:22:38Z,166,0.03,0.98,25000000
2022-02-26T01:51:39Z,97,0.04,0.99,1000000
2022-02-26T01:05:58Z,124,0.1,0.98,25000000
2022-02-26T01:03:34Z,64,0.03,0.98,25000000
2022-02-26T00:50:52Z,416,0.06,0.98,25000000
2022-02-26T00:37:18Z,9,0.03,0.99,1000000
2022-02-25T23:12:04Z,54,0.03,0.96,3000000
2022-02-25T20:55:05Z,1415,0.04,0.99,1000000
2022-02-25T15:43:14Z,199,0.04,0.99,1000000
2022-02-25T13:36:53Z,151,0.07,0.97,1000000
2022-02-25T10:48:55Z,85,0.04,0.98,25000000
2022-02-25T10:38:08Z,64,0.1,0.99,1000000
2022-02-25T10:37:29Z,145,0.1,0.96,3000000
2022-02-25T10:35:36Z,666,0.07,0.98,25000000
2022-02-25T09:19:22Z,833,0.03,0.98,25000000
2022-02-25T09:18:55Z,4165,0.05,0.98,25000000
2022-02-25T08:51:32Z,833,0.06,0.98,25000000
2022-02-25T06:25:50Z,174,0.04,0.99,1000000
2022-02-25T05:51:13Z,172,0.03,0.99,1000000
2022-02-25T04:16:50Z,10,0.09,0.98,25000000
2022-02-25T04:14:28Z,27,0.04,0.96,3000000
2022-02-24T22:37:13Z,150,0.03,0.99,1000000
2022-02-24T22:26:43Z,208,0.03,0.95,2000000
2022-02-24T22:24:31Z,31,0.04,0.99,1000000
2022-02-24T22:23:38Z,70,0.05,0.99,1000000
2022-02-24T22:23:10Z,249,0.06,0.99,1000000
2022-02-24T22:13:30Z,176,0.04,0.99,1000000
2022-02-24T22:02:49Z,166,0.03,0.99,1000000
2022-02-24T21:02:22Z,208,0.04,0.96,3000000
2022-02-24T20:38:56Z,142,0.04,0.96,3000000
2022-02-24T18:56:28Z,833,0.08,0.99,1000000
2022-02-24T18:34:58Z,3750,0.06,0.98,25000000
2022-02-24T18:11:22Z,29,0.04,0.98,25000000
2022-02-24T18:10:47Z,49,0.05,0.99,1000000
2022-02-24T18:07:04Z,4,0.05,0.99,1000000
2022-02-24T17:32:29Z,833,0.1,0.99,1000000
2022-02-24T16:51:56Z,6589,0.04,0.98,25000000
2022-02-24T16:30:20Z,833,0.03,0.99,1000000
2022-02-24T16:24:11Z,833,0.18,0.99,1000000
2022-02-24T15:50:29Z,166,0.03,0.99,1000000
2022-02-24T15:31:20Z,352,0.05,0.98,25000000
2022-02-24T15:24:40Z,83,0.06,0.98,25000000
2022-02-24T15:15:12Z,1208,0.03,0.99,1000000
2022-02-24T14:53:58Z,761,0.04,0.99,1000000
2022-02-24T11:56:43Z,31,0.04,0.96,3000000
2022-02-24T11:12:56Z,232,0.04,0.99,1000000
2022-02-24T10:42:20Z,95,0.1,0.99,1000000
2022-02-24T10:40:55Z,1166,0.1,0.96,3000000
2022-02-24T08:01:55Z,46194,0.04,0.97,1000000
2022-02-24T07:59:42Z,3134,0.04,0.97,1000000
2022-02-24T07:50:59Z,1166,0.03,0.99,1000000
2022-02-24T07:13:42Z,112,0.01,0.96,3000000
2022-02-24T07:04:42Z,833,0.04,0.99,1000000
2022-02-24T06:50:10Z,83,0.05,0.98,25000000
2022-02-24T05:20:22Z,250,0.04,0.98,25000000
2022-02-24T03:29:20Z,58,0.06,0.98,25000000
2022-02-24T01:29:18Z,10,0.04,0.97,2000000
2022-02-23T20:31:48Z,32,0.03,0.99,1000000
2022-02-23T20:31:29Z,430,0.03,0.99,1000000
2022-02-23T20:06:07Z,70,0.05,0.99,1000000
2022-02-23T18:47:24Z,508,0.04,0.98,25000000
2022-02-23T18:40:55Z,72,0.04,0.98,25000000
2022-02-23T16:55:05Z,125,0.04,0.99,1000000
2022-02-23T15:41:53Z,780,0.03,0.99,1000000
2022-02-23T15:26:14Z,833,0.03,0.99,1000000
2022-02-23T15:25:21Z,833,0.04,0.99,1000000
2022-02-23T15:17:13Z,2501,0.02,0.96,3000000
2022-02-23T15:05:38Z,125,0.03,0.96,3000000
2022-02-23T14:20:16Z,2230,0.05,0.98,25000000
2022-02-23T09:36:02Z,33,0.03,0.95,2000000
2022-02-23T08:25:03Z,102,0.03,0.95,2000000
2022-02-23T06:35:00Z,1459,0.06,0.95,2000000
2022-02-23T03:20:14Z,9,0.05,0.99,1000000
2022-02-22T21:24:05Z,2502,0.03,0.96,3000000
2022-02-22T21:05:16Z,291,0.05,0.99,1000000
2022-02-22T20:00:19Z,83,0.1,0.95,2000000
2022-02-22T17:20:31Z,166,0.03,0.95,2000000
2022-02-22T12:06:12Z,5,0.1,0.99,1000000
2022-02-22T09:13:20Z,8,0.1,0.95,2000000
2022-02-22T07:07:01Z,83,0.06,0.95,2000000
2022-02-22T04:45:11Z,834,0.05,0.98,25000000
2022-02-22T04:43:28Z,834,0.04,0.95,2000000
2022-02-22T04:39:17Z,417,0.04,0.95,2000000
2022-02-21T23:43:36Z,342,0.04,0.95,2000000
2022-02-21T17:44:02Z,191,0.03,0.99,1000000
2022-02-21T17:12:09Z,100,0.04,0.96,3000000
2022-02-21T17:11:37Z,100,0.03,0.96,3000000
2022-02-21T17:07:00Z,834,0.05,0.95,2000000
2022-02-21T17:06:41Z,417,0.04,0.95,2000000
2022-02-21T17:01:31Z,333,0.04,0.95,2000000
2022-02-21T09:44:04Z,250,0.03,0.95,2000000
2022-02-21T07:18:22Z,457,0.03,0.98,25000000
2022-02-21T06:43:36Z,1252,0.03,0.96,3000000
2022-02-21T05:59:30Z,195,0.04,0.95,2000000
2022-02-21T03:36:13Z,34,0.01,0.95,2000000
2022-02-21T01:15:01Z,10,0.03,0.95,2000000
2022-02-20T23:01:41Z,977,0.06,0.99,1000000
2022-02-20T21:49:01Z,835,0.05,0.95,2000000
2022-02-20T19:05:23Z,101,0.03,0.96,3000000
2022-02-20T18:10:54Z,4175,0.3,0.95,2000000
2022-02-20T15:19:30Z,10141,0.03,0.98,1000000
2022-02-20T12:07:16Z,41,0.06,0.96,3000000
2022-02-20T11:11:12Z,417,0.05,0.95,2000000
2022-02-20T11:10:33Z,417,0.04,0.95,2000000
2022-02-20T10:03:22Z,118,0.03,0.95,2000000
2022-02-20T10:01:03Z,125,0.03,0.95,2000000
2022-02-20T09:21:41Z,14,0.07,0.95,2000000
2022-02-20T09:21:10Z,41,0.18,0.95,2000000
2022-02-20T08:34:55Z,15035,0.3,0.95,2000000
2022-02-20T08:33:10Z,8353,0.3,0.95,2000000
2022-02-20T08:26:45Z,41,0.28,0.95,2000000
2022-02-20T07:33:02Z,2335,0.03,0.98,2000000
2022-02-20T07:32:36Z,2463,0.03,0.98,1000000
2022-02-20T07:31:32Z,6216,0.03,0.98,1000000
2022-02-20T07:09:40Z,45487,0.04,0.98,1000000
2022-02-20T06:37:32Z,41,0.1,0.95,2000000
2022-02-20T05:48:30Z,12,0.02,0.95,2000000
2022-02-20T03:41:26Z,71,0.11,0.99,1000000
2022-02-19T21:30:19Z,274,0.04,0.95,2000000
2022-02-19T18:10:09Z,5,0.1,0.95,2000000
2022-02-19T13:08:09Z,250,0.04,0.95,2000000
2022-02-19T05:31:56Z,250,0.04,0.95,2000000
2022-02-19T05:31:35Z,705,0.03,0.95,2000000
2022-02-19T05:30:48Z,835,0.05,0.95,2000000
2022-02-19T05:01:23Z,226,0.04,0.95,2000000
2022-02-19T05:01:02Z,95,0.04,0.95,2000000
2022-02-19T05:00:37Z,334,0.04,0.95,2000000
2022-02-19T01:11:35Z,200,0.05,0.96,3000000
2022-02-19T01:08:14Z,250,0.03,0.96,3000000
2022-02-18T18:19:49Z,159,0.03,0.95,2000000
2022-02-18T18:02:06Z,418,0.06,0.96,3000000
2022-02-18T17:44:43Z,418,0.06,0.95,2000000
2022-02-18T17:17:11Z,70,0.05,0.96,3000000
2022-02-18T16:50:30Z,70,0.05,0.96,3000000
2022-02-18T14:10:24Z,1254,0.03,0.95,2000000
2022-02-18T13:34:47Z,89,0.04,0.95,2000000
2022-02-18T13:34:20Z,107,0.05,0.95,2000000
2022-02-18T12:40:00Z,83,0.03,0.96,3000000
2022-02-18T12:27:11Z,136,0.04,0.95,2000000
2022-02-18T10:01:15Z,232,0.03,0.95,2000000
2022-02-18T10:00:20Z,92,0.06,0.96,3000000
2022-02-18T09:59:37Z,185,0.04,0.95,2000000
2022-02-18T07:55:55Z,31,0.03,0.99,1000000
2022-02-18T07:49:01Z,167,0.04,0.95,2000000
2022-02-18T07:24:16Z,34,0.04,0.99,1000000
2022-02-18T06:00:43Z,67,0.04,0.99,1000000
2022-02-18T04:18:00Z,501,0.08,0.98,25000000
2022-02-18T02:59:52Z,2634,0.04,0.98,1000000
2022-02-18T02:43:23Z,83,0.05,0.95,2000000
2022-02-18T02:42:13Z,83,0.1,0.96,3000000
2022-02-17T23:18:51Z,4182,0.03,0.95,2000000
2022-02-17T22:44:09Z,4182,0.04,0.95,2000000
2022-02-17T21:48:21Z,230,0.03,0.98,25000000
2022-02-17T21:46:15Z,20,0.03,0.96,3000000
2022-02-17T21:45:22Z,49,0.04,0.96,3000000
2022-02-17T21:44:10Z,41,0.03,0.95,2000000
2022-02-17T19:52:37Z,4182,0.06,0.99,3000000
2022-02-17T16:36:04Z,29,0.11,0.95,2000000
2022-02-17T16:33:38Z,836,0.08,0.95,2000000
2022-02-17T15:54:47Z,8365,0.05,0.96,3000000
2022-02-17T15:52:30Z,2091,0.03,0.95,2000000
2022-02-17T15:43:07Z,13,0.09,0.95,2000000
2022-02-17T15:29:29Z,211,0.04,0.95,2000000
2022-02-17T03:10:11Z,70,0.05,0.95,2000000
2022-02-17T00:30:59Z,16,0.03,0.96,3000000
2022-02-16T21:03:21Z,5,0.13,0.98,25000000
2022-02-16T20:29:46Z,149,0.03,0.96,3000000
2022-02-16T19:50:40Z,16,0.03,0.95,2000000
2022-02-16T14:47:28Z,837,0.04,0.95,2000000
2022-02-16T13:46:45Z,837,0.08,0.96,3000000
2022-02-16T11:42:59Z,117,0.04,0.95,2000000
2022-02-16T10:16:24Z,161,0.07,0.95,2000000
2022-02-16T07:43:28Z,837,0.14,0.95,2000000
2022-02-16T07:43:02Z,837,0.07,0.95,2000000
2022-02-16T07:42:37Z,837,0.07,0.95,2000000
2022-02-16T07:41:51Z,837,0.06,0.95,2000000
2022-02-16T07:41:32Z,837,0.2,0.95,2000000
2022-02-16T07:40:46Z,837,0.12,0.95,2000000
2022-02-16T07:40:07Z,837,0.06,0.95,2000000
2022-02-16T07:38:48Z,837,0.17,0.95,2000000
2022-02-16T07:38:28Z,837,0.16,0.95,2000000
2022-02-16T07:36:30Z,837,0.15,0.95,2000000
2022-02-16T07:36:11Z,837,0.13,0.95,2000000
2022-02-16T07:35:51Z,837,0.18,0.95,2000000
2022-02-16T07:35:31Z,837,0.19,0.95,2000000
2022-02-16T07:35:11Z,1674,0.11,0.95,2000000
2022-02-16T07:34:41Z,2511,0.06,0.95,2000000
2022-02-16T07:34:09Z,2746,0.04,0.95,2000000
2022-02-16T07:33:37Z,2511,0.09,0.95,2000000
2022-02-16T07:33:17Z,2511,0.08,0.95,2000000
2022-02-16T07:32:58Z,2511,0.14,0.95,2000000
2022-02-16T07:32:32Z,2511,0.11,0.95,2000000
2022-02-16T07:32:13Z,3348,0.07,0.95,2000000
2022-02-16T07:31:27Z,4185,0.1,0.95,2000000
2022-02-16T07:31:08Z,4185,0.15,0.95,2000000
2022-02-16T07:30:08Z,4185,0.06,0.95,2000000
2022-02-16T07:29:36Z,4185,0.05,0.95,2000000
2022-02-16T07:28:57Z,4185,0.09,0.95,2000000
2022-02-16T07:28:38Z,837,0.08,0.95,2000000
2022-02-16T07:28:13Z,837,0.09,0.95,2000000
2022-02-16T07:25:59Z,8371,0.1,0.95,2000000
2022-02-16T04:54:22Z,11,0.05,0.95,2000000
2022-02-16T04:53:32Z,6,0.04,0.95,2000000
2022-02-16T02:36:04Z,72,0.07,0.95,2000000
2022-02-16T00:49:30Z,224,0.04,0.98,25000000
2022-02-15T22:07:20Z,293,0.09,0.95,2000000
2022-02-15T20:45:38Z,20,0.04,0.96,3000000
2022-02-15T19:55:55Z,837,0.04,0.95,2000000
2022-02-15T18:46:54Z,298,0.04,0.95,2000000
2022-02-15T18:46:40Z,837,0.03,0.96,3000000
2022-02-15T18:45:56Z,837,0.03,0.95,2000000
2022-02-15T18:35:57Z,753,0.04,0.96,3000000
2022-02-15T12:25:49Z,,0.1,0.95,2000000
2022-02-15T08:40:02Z,293,0.1,0.95,2000000
2022-02-15T06:42:15Z,83,0.06,0.98,25000000
2022-02-15T03:29:13Z,837,0.06,0.95,2000000
2022-02-15T03:03:26Z,565,0.03,0.98,1000000
2022-02-15T00:15:53Z,22,0.04,0.99,1000000
2022-02-15T00:10:09Z,4,0.12,0.98,25000000
2022-02-14T22:39:48Z,837,0.1,0.95,2000000
2022-02-14T21:07:11Z,8,0.03,0.96,2000000
2022-02-14T21:04:18Z,64,0.04,0.95,2000000
2022-02-14T18:29:48Z,837,0.05,0.95,2000000
2022-02-14T18:28:55Z,837,0.08,0.99,1000000
2022-02-14T17:39:51Z,79,0.08,0.95,2000000
2022-02-14T15:06:25Z,4189,0.04,0.96,3000000
2022-02-14T15:02:07Z,821,0.05,0.98,25000000
2022-02-14T03:25:22Z,695,0.04,0.94,1000000
2022-02-13T21:37:55Z,125,0.04,0.95,2000000
2022-02-13T21:35:09Z,288,0.04,0.95,2000000
2022-02-13T21:34:23Z,687,0.04,0.95,2000000
2022-02-13T20:36:29Z,419,0.1,0.98,25000000
2022-02-13T19:29:46Z,209,0.05,0.95,2000000
2022-02-13T19:26:37Z,83,0.1,0.96,3000000
2022-02-13T17:16:40Z,88,0.12,0.98,25000000
2022-02-13T15:02:18Z,503,0.3,0.99,1000000
2022-02-13T11:46:34Z,97,0.06,0.96,3000000
2022-02-13T10:19:36Z,115,0.09,0.95,2000000
2022-02-13T09:48:55Z,33,0.12,0.95,2000000
2022-02-13T09:48:41Z,44,0.06,0.95,2000000
2022-02-13T09:48:28Z,176,0.1,0.98,25000000
2022-02-13T09:40:15Z,1760,0.03,0.95,2000000
2022-02-13T09:01:35Z,17,0.05,0.99,1000000
2022-02-13T08:40:16Z,838,0.06,0.99,1000000
2022-02-13T08:39:04Z,45,0.04,0.95,2000000
2022-02-13T02:48:14Z,838,0.08,0.99,1000000
2022-02-12T22:53:06Z,83,0.04,0.99,1000000
2022-02-12T22:39:04Z,343981,0.04,0.95,1000000
2022-02-12T21:14:01Z,7,0.04,0.96,3000000
2022-02-12T21:13:41Z,38,0.03,0.96,3000000
2022-02-12T20:13:19Z,209,0.03,0.95,2000000
2022-02-12T18:25:49Z,167,0.06,0.95,2000000
2022-02-12T18:20:06Z,167,0.08,0.95,2000000
2022-02-12T16:40:09Z,16,0.3,0.95,2000000
2022-02-12T16:39:37Z,2684,0.04,0.95,2000000
2022-02-12T15:23:31Z,167,0.08,0.98,25000000
2022-02-12T15:22:51Z,57,0.07,0.99,1000000
2022-02-12T15:22:32Z,167,0.06,0.99,1000000
2022-02-12T15:21:53Z,70,0.05,0.96,3000000
2022-02-12T15:20:03Z,283,0.05,0.96,3000000
2022-02-12T15:19:44Z,206,0.04,0.96,3000000
2022-02-12T14:01:58Z,981,0.04,0.98,25000000
2022-02-12T13:34:20Z,313,0.04,0.95,2000000
2022-02-12T13:33:55Z,721,0.04,0.95,2000000
2022-02-12T12:07:52Z,52,0.04,0.99,1000000
2022-02-12T05:03:37Z,1720,0.04,0.95,2000000
2022-02-12T05:03:10Z,717,0.04,0.95,2000000
2022-02-12T00:25:11Z,289,0.07,0.95,2000000
2022-02-11T23:17:57Z,33,0.14,0.99,1000000
2022-02-11T22:51:27Z,117,0.03,0.99,1000000
2022-02-11T22:42:04Z,83,0.04,0.95,2000000
2022-02-11T22:10:14Z,167,0.06,0.95,2000000
2022-02-11T22:09:29Z,83,0.09,0.95,2000000
2022-02-11T22:08:49Z,83,0.08,0.95,2000000
2022-02-11T22:08:17Z,28,0.07,0.95,2000000
2022-02-11T22:07:44Z,83,0.1,0.95,2000000
2022-02-11T21:55:25Z,7203,0.04,0.95,2000000
2022-02-11T15:06:01Z,335,0.06,0.96,1000000
2022-02-11T14:58:20Z,503,0.03,0.95,2000000
2022-02-11T13:41:12Z,46,0.04,0.96,1000000
2022-02-11T13:38:58Z,33,0.05,0.95,2000000
2022-02-11T13:37:28Z,62,0.04,0.99,1000000
2022-02-11T12:39:18Z,46,0.01,0.96,1000000
2022-02-11T12:32:02Z,251,0.04,0.95,2000000
2022-02-11T11:56:13Z,1678800,0.06,0.99,1000000
2022-02-11T11:24:33Z,335,0.21,0.95,2000000
2022-02-11T11:24:08Z,344,0.09,0.95,2000000
2022-02-11T11:23:47Z,352,0.08,0.95,2000000
2022-02-11T11:23:33Z,318,0.07,0.95,2000000
2022-02-11T11:23:20Z,923,0.1,0.95,2000000
2022-02-11T11:23:04Z,419,0.09,0.95,2000000
2022-02-11T11:21:53Z,1091,0.11,0.95,2000000
2022-02-11T11:21:13Z,1343,0.12,0.95,2000000
2022-02-11T11:20:54Z,1678,0.15,0.95,2000000
2022-02-11T09:22:36Z,83,0.03,0.98,5000000
2022-02-11T08:58:12Z,120,0.04,0.95,2000000
2022-02-11T07:05:40Z,119,0.1,0.95,2000000
2022-02-11T07:01:03Z,106,0.05,0.95,2000000
2022-02-11T06:59:52Z,51,0.04,0.95,2000000
2022-02-11T06:56:42Z,197,0.11,0.96,1000000
2022-02-11T06:42:33Z,839,0.05,0.95,2000000
2022-02-11T05:48:11Z,419,0.05,0.99,1000000
2022-02-11T05:48:05Z,33,0.08,0.95,2000000
2022-02-11T05:34:44Z,251,0.04,0.98,5000000
2022-02-11T04:52:44Z,2518,0.05,0.96,1000000
2022-02-11T04:23:31Z,41,0.05,0.95,2000000
2022-02-11T04:23:06Z,1259,0.05,0.95,2000000
2022-02-11T04:22:40Z,1200,0.04,0.95,2000000
2022-02-11T04:20:49Z,1679,0.06,0.95,2000000
2022-02-11T04:20:03Z,839,0.05,0.95,2000000
2022-02-11T04:19:36Z,800,0.04,0.99,1000000
2022-02-11T04:00:45Z,99,0.06,0.95,2000000
2022-02-11T02:24:37Z,839,0.04,0.95,2000000
2022-02-11T01:05:40Z,13,0.03,0.96,1000000
2022-02-11T00:02:13Z,6233,0.04,0.95,2000000
2022-02-10T23:50:56Z,,0.06,0.96,1000000
2022-02-10T23:22:05Z,515,0.03,0.98,5000000
2022-02-10T23:06:19Z,4090,0.04,0.96,1000000
2022-02-10T22:15:51Z,83,0.05,0.95,2000000
2022-02-10T21:49:41Z,83,0.03,0.95,2000000
2022-02-10T21:17:25Z,83,0.05,0.96,1000000
2022-02-10T20:59:41Z,83,0.19,0.96,1000000
2022-02-10T20:59:09Z,113,0.28,0.96,1000000
2022-02-10T20:58:43Z,636,0.12,0.95,2000000
2022-02-10T18:04:53Z,41,0.04,0.96,1000000
2022-02-10T17:30:34Z,293,0.04,0.96,1000000
2022-02-10T15:06:19Z,8,0.04,0.95,2000000
2022-02-10T12:49:48Z,2519,0.06,0.99,1000000
2022-02-10T12:48:41Z,839,0.05,0.99,1000000
2022-02-10T12:47:42Z,1259,0.05,0.99,1000000
2022-02-10T12:46:12Z,839,0.05,0.99,1000000
2022-02-10T12:45:37Z,839,0.05,0.99,1000000
2022-02-10T12:44:54Z,839,0.09,0.99,1000000
2022-02-10T12:44:35Z,839,0.09,0.99,1000000
2022-02-10T12:44:16Z,839,0.09,0.99,1000000
2022-02-10T12:04:37Z,125,0.06,0.95,2000000
2022-02-10T11:49:31Z,1259,0.15,0.95,2000000
2022-02-10T11:48:59Z,1679,0.2,0.95,2000000
2022-02-10T11:48:34Z,1679,0.25,0.95,2000000
2022-02-10T11:48:02Z,2519,0.3,0.95,2000000
2022-02-10T10:59:35Z,17,0.05,0.95,2000000
2022-02-10T09:14:39Z,293,0.04,0.96,1000000
2022-02-10T09:07:49Z,1091,0.18,0.95,2000000
2022-02-10T08:58:42Z,204,0.04,0.95,2000000
2022-02-10T08:17:57Z,23,0.03,0.99,1000000
2022-02-10T08:17:00Z,35,0.04,0.96,1000000
2022-02-10T08:14:37Z,14,0.07,0.96,1000000
2022-02-10T08:12:05Z,14,0.07,0.96,1000000
2022-02-10T08:11:33Z,37,0.1,0.96,1000000
2022-02-10T03:59:54Z,144,0.08,0.99,1000000
2022-02-10T03:59:29Z,709,0.05,0.95,2000000
2022-02-10T03:58:37Z,1680,0.05,0.95,2000000
2022-02-10T03:35:22Z,407,0.04,0.95,2000000
2022-02-10T02:37:48Z,251,0.05,0.95,2000000
2022-02-10T01:50:03Z,714,0.04,0.95,2000000
2022-02-10T01:05:26Z,546,0.05,0.95,2000000
2022-02-10T00:32:42Z,83,0.04,0.95,2000000
2022-02-09T22:12:26Z,588,0.05,0.95,2000000
2022-02-09T22:11:27Z,220,0.06,0.95,2000000
2022-02-09T22:07:41Z,126,0.04,0.95,2000000
2022-02-09T21:51:09Z,16,0.04,0.95,2000000
2022-02-09T21:38:08Z,35,0.05,0.99,1000000
2022-02-09T21:09:41Z,41,0.05,0.98,5000000
2022-02-09T18:58:12Z,168,0.08,0.95,2000000
2022-02-09T16:31:51Z,2130,0.05,0.95,2000000
2022-02-09T14:30:43Z,165,0.03,0.95,2000000
2022-02-09T14:23:36Z,44,0.05,0.95,2000000
2022-02-09T13:50:30Z,252,0.04,0.95,2000000
2022-02-09T13:49:52Z,420,0.06,0.95,2000000
2022-02-09T13:40:43Z,84,0.05,0.95,2000000
2022-02-09T11:48:07Z,341,0.04,0.99,1000000
2022-02-09T11:39:50Z,109,0.04,0.95,2000000
2022-02-09T09:58:24Z,840,0.05,0.93,3000000
2022-02-09T09:38:18Z,84,0.04,0.95,2000000
2022-02-09T09:38:05Z,220,0.04,0.95,2000000
2022-02-09T09:36:21Z,82,0.03,0.95,2000000
2022-02-09T06:39:26Z,168,0.08,0.95,2000000
2022-02-09T06:07:54Z,1680,0.28,0.95,2000000
2022-02-09T06:07:14Z,1680,0.19,0.95,2000000
2022-02-09T06:06:41Z,840,0.09,0.95,2000000
2022-02-09T06:05:57Z,840,0.07,0.95,2000000
2022-02-09T06:05:25Z,840,0.23,0.95,2000000
2022-02-09T06:04:53Z,840,0.26,0.95,2000000
2022-02-09T01:32:08Z,287,0.11,0.95,2000000
2022-02-09T01:31:42Z,168,0.22,0.95,2000000
2022-02-09T01:31:15Z,84,0.15,0.95,2000000
2022-02-09T01:30:43Z,1681,0.06,0.95,2000000
2022-02-09T00:07:41Z,3362,0.04,0.95,2000000
2022-02-09T00:07:09Z,1658,0.03,0.95,2000000
2022-02-08T23:45:23Z,147,0.07,0.95,2000000
2022-02-08T23:29:19Z,4,0.3,0.99,1000000
2022-02-08T23:17:16Z,21,0.05,0.95,2000000
2022-02-08T22:58:53Z,2513,0.03,0.95,2000000
2022-02-08T22:56:48Z,1092,0.06,0.95,1000000
2022-02-08T22:50:11Z,101,0.06,0.99,1000000
2022-02-08T22:49:01Z,2101,0.05,0.95,5000000
2022-02-08T22:23:17Z,126,0.04,0.95,2000000
2022-02-08T21:07:53Z,87,0.04,0.99,1000000
2022-02-08T21:00:55Z,420,0.06,0.93,3000000
2022-02-08T21:00:36Z,840,0.08,0.93,3000000
2022-02-08T21:00:17Z,289,0.07,0.93,3000000
2022-02-08T20:59:57Z,840,0.09,0.93,3000000
2022-02-08T20:59:32Z,252,0.05,0.93,3000000
2022-02-08T20:57:08Z,32,0.04,0.93,3000000
2022-02-08T20:13:22Z,336,0.01,0.93,3000000
2022-02-08T19:44:30Z,252,0.05,0.93,3000000
2022-02-08T19:37:08Z,16,0.1,0.95,2000000
2022-02-08T19:36:29Z,82,0.03,0.95,2000000
2022-02-08T19:29:15Z,210,0.06,0.99,1000000
2022-02-08T19:02:32Z,1683,0.06,0.95,2000000
2022-02-08T18:34:11Z,26,0.06,0.93,3000000
2022-02-08T18:18:08Z,292,0.04,0.95,2000000
2022-02-08T18:11:28Z,10,0.05,0.95,2000000
2022-02-08T17:30:20Z,840,0.05,0.95,2000000
2022-02-08T16:37:38Z,77,0.05,0.95,2000000
2022-02-08T16:37:12Z,84,0.06,0.95,2000000
2022-02-08T16:36:53Z,84,0.09,0.95,2000000
2022-02-08T16:36:27Z,84,0.04,0.95,2000000
2022-02-08T16:26:33Z,84,0.2,0.95,2000000
2022-02-08T16:22:57Z,710,0.05,0.99,1000000
2022-02-08T16:03:36Z,49,0.04,0.95,2000000
2022-02-08T15:53:34Z,177,0.05,0.93,3000000
2022-02-08T15:40:04Z,829,0.03,0.93,3000000
2022-02-08T15:19:23Z,842,0.09,0.95,2000000
2022-02-08T14:34:40Z,25222,0.1,0.95,2000000
2022-02-08T14:26:32Z,126,0.05,0.93,3000000
2022-02-08T14:23:16Z,210,0.04,0.95,2000000
2022-02-08T14:14:53Z,420371,0.08,0.99,1000000
2022-02-08T14:09:23Z,50,0.06,0.95,2000000
2022-02-08T14:03:30Z,33629,0.08,0.99,1000000
2022-02-08T13:24:59Z,42,0.04,0.95,2000000
2022-02-08T13:07:59Z,504,0.04,0.95,2000000
2022-02-08T12:48:23Z,168,0.04,0.95,2000000
2022-02-08T11:34:23Z,252,0.08,0.95,2000000
2022-02-08T10:18:25Z,840,0.12,0.95,2000000
2022-02-08T09:17:51Z,1261,0.05,0.95,2000000
2022-02-08T01:48:56Z,7,0.3,0.95,2000000
2022-02-08T01:39:27Z,35,0.05,0.95,2000000
2022-02-08T01:22:55Z,416,0.04,0.95,2000000
2022-02-08T01:21:57Z,78,0.04,0.95,2000000
2022-02-07T22:47:03Z,1261,0.04,0.99,1000000
2022-02-07T22:34:49Z,841,0.04,0.95,2000000
2022-02-07T22:21:25Z,2436,0.1,0.95,2000000
2022-02-07T21:20:54Z,109,0.05,0.95,2000000
2022-02-07T21:18:04Z,841,0.01,0.95,2000000
2022-02-07T20:43:58Z,32,0.04,0.93,3000000
2022-02-07T20:34:35Z,1682,0.03,0.93,3000000
2022-02-07T19:45:55Z,17,0.04,0.95,2000000
2022-02-07T19:28:26Z,84,0.05,0.95,2000000
2022-02-07T18:32:41Z,16,0.3,0.95,2000000
2022-02-07T17:59:33Z,635,0.04,0.99,1000000
2022-02-07T17:38:51Z,420,0.05,0.95,2000000
2022-02-07T16:36:07Z,474,0.04,0.95,2000000
2022-02-07T16:25:13Z,1004,0.08,0.95,2000000
2022-02-07T15:50:23Z,117,0.08,0.95,2000000
2022-02-07T15:33:58Z,29,0.04,0.95,2000000
2022-02-07T15:13:25Z,84,0.04,0.95,2000000
2022-02-07T15:09:11Z,,0.14,0.95,2000000
2022-02-07T14:56:45Z,63,0.08,0.93,3000000
2022-02-07T14:29:33Z,58,0.07,0.95,2000000
2022-02-07T14:29:07Z,252,0.06,0.95,2000000
2022-02-07T14:28:37Z,336,0.07,0.93,3000000
2022-02-07T14:28:09Z,420,0.08,0.93,3000000
2022-02-07T14:26:52Z,71,0.05,0.99,1000000
2022-02-07T14:26:19Z,73,0.04,0.99,1000000
2022-02-07T14:25:14Z,89,0.04,0.99,1000000
2022-02-07T14:24:47Z,64,0.05,0.99,1000000
2022-02-07T14:24:08Z,84,0.05,0.99,1000000
2022-02-07T14:22:48Z,336,0.04,0.99,1000000
2022-02-07T14:22:17Z,14,0.04,0.99,1000000
2022-02-07T14:21:24Z,26,0.05,0.99,1000000
2022-02-07T14:20:46Z,41,0.06,0.99,1000000
2022-02-07T13:33:18Z,504,0.01,0.93,3000000
2022-02-07T13:32:33Z,504,0.01,0.93,3000000
2022-02-07T13:12:58Z,21,0.05,0.95,2000000
2022-02-07T13:09:04Z,504,0.04,0.97,2000000
2022-02-07T12:29:09Z,8412,0.04,0.95,2000000
2022-02-07T12:27:19Z,58,0.07,0.95,2000000
2022-02-07T11:34:17Z,84,0.05,0.95,2000000
2022-02-07T11:22:27Z,8,0.05,0.99,1000000
2022-02-07T11:18:01Z,43,0.04,0.95,2000000
2022-02-07T11:04:42Z,75,0.08,0.95,2000000
2022-02-07T10:55:37Z,841,0.3,0.93,3000000
2022-02-07T10:49:06Z,16,0.07,0.99,1000000
2022-02-07T10:47:10Z,84,0.09,0.95,2000000
2022-02-07T10:46:35Z,84,0.08,0.95,2000000
2022-02-07T10:46:09Z,84,0.23,0.95,2000000
2022-02-07T10:45:44Z,84,0.15,0.95,2000000
2022-02-07T10:44:31Z,420,0.09,0.95,2000000
2022-02-07T10:37:47Z,841,0.15,0.95,2000000
2022-02-07T10:36:46Z,841,0.2,0.95,2000000
2022-02-07T10:36:21Z,841,0.05,0.95,2000000
2022-02-07T10:34:23Z,43,0.07,0.95,2000000
2022-02-07T10:33:26Z,201,0.1,0.99,1000000
2022-02-07T10:26:17Z,2383,0.04,0.95,2000000
2022-02-07T10:08:02Z,84,0.03,0.93,3000000
2022-02-07T10:02:04Z,75,0.1,0.99,1000000
2022-02-07T09:37:36Z,4206,0.1,0.95,2000000
2022-02-07T09:29:27Z,21,0.04,0.95,2000000
2022-02-07T09:19:44Z,55,0.06,0.93,3000000
2022-02-07T09:18:46Z,19,0.07,0.93,3000000
2022-02-07T08:17:33Z,210,0.05,0.95,2000000
2022-02-07T08:11:54Z,841,0.04,0.95,2000000
2022-02-07T07:52:26Z,168,0.04,0.93,3000000
2022-02-07T07:52:03Z,116,0.04,0.93,3000000
2022-02-07T07:45:18Z,63,0.04,0.95,2000000
2022-02-07T07:40:50Z,1262,0.06,0.95,2000000
2022-02-07T07:40:12Z,355,0.05,0.95,2000000
2022-02-07T07:39:25Z,387,0.05,0.95,2000000
2022-02-07T06:13:59Z,84,0.05,0.95,2000000
2022-02-07T06:12:49Z,57,0.04,0.99,1000000
2022-02-07T04:18:24Z,117,0.05,0.95,2000000
2022-02-07T03:30:11Z,58,0.07,0.95,2000000
2022-02-07T03:29:46Z,26,0.07,0.95,2000000
2022-02-07T02:55:10Z,88,0.05,0.95,2000000
2022-02-07T02:54:50Z,126,0.04,0.95,2000000
2022-02-07T02:49:34Z,841,0.07,0.95,1000000
2022-02-07T00:57:00Z,841,0.04,0.99,1000000
2022-02-06T23:31:08Z,168,0.05,0.95,2000000
2022-02-06T23:30:48Z,168,0.1,0.95,2000000
2022-02-06T23:20:21Z,84,0.1,0.95,2000000
2022-02-06T22:42:14Z,212,0.09,0.99,1000000
2022-02-06T22:41:49Z,212,0.08,0.95,2000000
2022-02-06T22:41:15Z,212,0.07,0.95,2000000
2022-02-06T21:52:49Z,631,0.09,0.95,2000000
2022-02-06T20:36:26Z,841,0.05,0.95,2000000
2022-02-06T20:26:21Z,252,0.03,0.95,2000000
2022-02-06T20:15:58Z,462,0.04,0.99,1000000
2022-02-06T20:15:07Z,731,0.04,0.99,1000000
2022-02-06T20:14:28Z,757,0.05,0.99,1000000
2022-02-06T20:07:32Z,1601,0.05,0.99,1000000
2022-02-06T20:06:59Z,883,0.06,0.95,2000000
2022-02-06T19:38:36Z,2103,0.09,0.95,2000000
2022-02-06T19:29:40Z,131,0.04,0.99,1000000
2022-02-06T19:25:35Z,378,0.04,0.95,2000000
2022-02-06T19:24:38Z,1009,0.03,0.95,2000000
2022-02-06T18:30:23Z,4207,0.03,0.99,1000000
2022-02-06T18:22:54Z,4207,0.06,0.95,2000000
2022-02-06T18:20:50Z,118,0.15,0.95,2000000
2022-02-06T17:58:32Z,168,0.06,0.95,2000000
2022-02-06T15:24:15Z,252,0.03,0.95,2000000
2022-02-06T15:24:01Z,168,0.03,0.95,2000000
2022-02-06T15:13:50Z,420,0.07,0.99,1000000
2022-02-06T15:03:50Z,53,0.05,0.95,2000000
2022-02-06T13:50:59Z,287,0.03,0.95,2000000
2022-02-06T12:50:13Z,84,0.04,0.95,2000000
2022-02-06T12:05:21Z,420,0.04,0.95,2000000
2022-02-06T10:43:51Z,8,0.1,0.95,2000000
2022-02-06T10:43:25Z,8,0.08,0.95,2000000
2022-02-06T10:42:00Z,4,0.06,0.95,2000000
2022-02-06T10:35:14Z,4,0.04,0.95,2000000
2022-02-06T10:26:55Z,2695,0.06,0.95,2000000
2022-02-06T10:20:15Z,4,0.03,0.95,2000000
2022-02-06T10:17:35Z,4,0.05,0.95,2000000
2022-02-06T10:16:04Z,2,0.03,0.99,1000000
2022-02-06T10:10:56Z,2,0.02,0.95,2000000
2022-02-06T09:11:43Z,145,0.07,0.95,2000000
2022-02-06T09:02:50Z,1363,0.05,0.95,2000000
2022-02-06T08:57:15Z,106,0.05,0.95,2000000
2022-02-06T08:37:52Z,22,0.3,0.95,2000000
2022-02-06T08:27:57Z,14,0.04,0.95,2000000
2022-02-06T08:14:25Z,25,0.04,0.95,2000000
2022-02-06T08:12:32Z,284,0.05,0.95,2000000
2022-02-06T08:11:54Z,203,0.07,0.95,2000000
2022-02-06T08:00:34Z,168,0.05,0.95,2000000
2022-02-06T08:00:01Z,168,0.04,0.95,2000000
2022-02-06T07:58:35Z,420,0.04,0.95,2000000
2022-02-06T07:56:25Z,2104,0.03,0.95,2000000
2022-02-06T07:50:46Z,84,0.12,0.93,3000000
2022-02-06T05:26:11Z,84,0.04,0.95,2000000
2022-02-06T05:15:38Z,39,0.05,0.99,1000000
2022-02-06T04:49:19Z,84,0.07,0.95,2000000
2022-02-06T02:14:12Z,4209,0.29,0.95,2000000
2022-02-06T00:09:27Z,75,0.08,0.95,2000000
2022-02-06T00:05:34Z,210,0.07,0.95,2000000
2022-02-06T00:04:35Z,210,0.06,0.95,2000000
2022-02-06T00:03:23Z,210,0.05,0.95,2000000
2022-02-06T00:00:54Z,238,0.04,0.95,2000000
2022-02-05T23:42:16Z,3367,0.04,0.95,2000000
2022-02-05T22:40:38Z,4209,0.05,0.95,2000000
2022-02-05T22:38:14Z,4209,0.06,0.95,2000000
2022-02-05T22:37:29Z,4209,0.1,0.99,1000000
2022-02-05T22:36:43Z,4209,0.08,0.95,2000000
2022-02-05T22:14:58Z,1347,0.04,0.95,2000000
2022-02-05T21:37:05Z,42,0.07,0.95,2000000
2022-02-05T21:36:33Z,42,0.06,0.95,2000000
2022-02-05T21:26:35Z,84,0.04,0.95,2000000
2022-02-05T21:02:10Z,25,0.06,0.95,2000000
2022-02-05T20:58:43Z,124,0.08,0.95,2000000
2022-02-05T20:57:57Z,115,0.06,0.95,2000000
2022-02-05T20:57:25Z,115,0.04,0.95,2000000
2022-02-05T20:43:58Z,42,0.05,0.95,2000000
2022-02-05T20:31:57Z,146,0.04,0.99,1000000
2022-02-05T20:31:18Z,842,0.05,0.95,2000000
2022-02-05T19:40:09Z,1684,0.04,0.95,2000000
2022-02-05T19:26:23Z,35,0.05,0.99,1000000
2022-02-05T19:23:16Z,84,0.07,0.99,1000000
2022-02-05T19:21:05Z,168,0.09,0.99,1000000
2022-02-05T19:01:50Z,842,0.06,0.93,3000000
2022-02-05T19:01:18Z,842,0.07,0.95,2000000
2022-02-05T19:00:26Z,1178,0.09,0.99,1000000
2022-02-05T18:59:54Z,336,0.03,0.95,2000000
2022-02-05T18:59:28Z,101,0.05,0.95,2000000
2022-02-05T18:58:48Z,185,0.08,0.95,2000000
2022-02-05T18:37:01Z,252,0.04,0.95,2000000
2022-02-05T18:24:45Z,26,0.2,0.93,3000000
2022-02-05T18:13:53Z,2105,0.07,0.95,2000000
2022-02-05T18:12:56Z,1263,0.05,0.95,2000000
2022-02-05T18:10:07Z,146,0.04,0.95,2000000
2022-02-05T17:22:41Z,210,0.06,0.95,2000000
2022-02-05T16:55:16Z,42,0.04,0.95,2000000
2022-02-05T16:54:57Z,33,0.04,0.95,2000000
2022-02-05T16:54:03Z,842,0.06,0.85,2000000
2022-02-05T16:52:19Z,842,0.04,0.87,2000000
2022-02-05T16:50:00Z,292,0.04,0.9,2000000
2022-02-05T15:53:42Z,33,0.03,0.98,1000000
2022-02-05T15:51:53Z,129,0.05,0.95,2000000
2022-02-05T15:39:34Z,421,0.03,0.93,3000000
2022-02-05T15:26:56Z,4210,0.03,0.95,2000000
2022-02-05T15:26:37Z,1298,0.04,0.95,2000000
2022-02-05T15:26:17Z,1170,0.04,0.99,1000000
2022-02-05T15:25:36Z,484,0.04,0.95,2000000
2022-02-05T15:07:57Z,210,0.04,0.95,2000000
2022-02-05T15:02:39Z,84,0.19,0.95,2000000
2022-02-05T14:40:40Z,109,0.05,0.93,3000000
2022-02-05T14:40:21Z,87,0.04,0.93,3000000
2022-02-05T14:39:29Z,106,0.05,0.99,1000000
2022-02-05T14:39:23Z,28,0.05,0.95,2000000
2022-02-05T14:20:01Z,22,0.02,0.95,2000000
2022-02-05T14:17:53Z,2105,0.05,0.95,2000000
2022-02-05T14:16:03Z,434,0.1,0.95,2000000
2022-02-05T14:15:08Z,1246,0.05,0.95,2000000
2022-02-05T14:14:49Z,421,0.15,0.95,2000000
2022-02-05T13:48:40Z,525,0.07,0.95,2000000
2022-02-05T13:48:13Z,1684,0.06,0.95,2000000
2022-02-05T13:47:54Z,1684,0.05,0.95,2000000
2022-02-05T13:47:14Z,1356,0.04,0.95,2000000
2022-02-05T13:46:24Z,175,0.04,0.95,2000000
2022-02-05T13:19:38Z,11,0.05,0.95,2000000
2022-02-05T13:19:18Z,22,0.03,0.95,2000000
2022-02-05T13:14:52Z,29,0.04,0.95,2000000
2022-02-05T13:07:22Z,46,0.06,0.97,2000000
2022-02-05T13:03:31Z,1431,0.07,0.95,2000000
2022-02-05T13:03:05Z,842,0.06,0.95,2000000
2022-02-05T13:02:38Z,356,0.05,0.95,2000000
2022-02-05T13:01:01Z,421,0.07,0.95,2000000
2022-02-05T13:00:10Z,421,0.25,0.93,3000000
2022-02-05T12:59:38Z,421,0.29,0.93,3000000
2022-02-05T12:50:51Z,101,0.05,0.95,2000000
2022-02-05T12:49:52Z,461,0.06,0.95,2000000
2022-02-05T12:27:23Z,63,0.05,0.95,2000000
2022-02-05T12:23:35Z,63,0.07,0.95,2000000
2022-02-05T12:18:05Z,223,0.04,0.95,2000000
2022-02-05T12:17:32Z,286,0.05,0.95,2000000
2022-02-05T11:45:16Z,1684,0.06,0.95,2000000
2022-02-05T11:36:36Z,284,0.05,0.95,2000000
2022-02-05T11:36:00Z,231,0.05,0.95,2000000
2022-02-05T11:35:02Z,2254,0.04,0.95,2000000
2022-02-05T09:28:28Z,178,0.05,0.95,2000000
2022-02-05T09:25:49Z,421,0.05,0.99,1000000
2022-02-05T09:22:59Z,45,0.08,0.95,2000000
2022-02-05T09:06:16Z,1544,0.04,0.95,2000000
2022-02-05T09:05:57Z,1780,0.05,0.95,2000000
2022-02-05T09:02:59Z,86,0.04,0.95,2000000
2022-02-05T08:14:34Z,336,0.1,0.95,2000000
2022-02-05T07:58:21Z,4211,0.04,0.95,2000000
2022-02-05T07:41:19Z,1779,0.05,0.95,2000000
2022-02-05T06:41:55Z,918,0.06,0.97,2000000
2022-02-05T06:09:53Z,842,0.07,0.99,1000000
2022-02-05T05:52:29Z,3158,0.04,0.95,2000000
2022-02-05T05:47:45Z,356,0.05,0.95,2000000
2022-02-05T05:44:58Z,252,0.06,0.95,2000000
2022-02-05T05:42:35Z,252,0.04,0.95,2000000
2022-02-05T05:41:44Z,35,0.04,0.99,1000000
2022-02-05T05:32:19Z,842,0.06,0.95,2000000
2022-02-05T05:31:54Z,432,0.04,0.99,1000000
2022-02-05T05:30:11Z,146,0.04,0.95,2000000
2022-02-05T05:17:46Z,21,0.06,0.99,1000000
2022-02-05T05:13:58Z,21,0.04,0.93,3000000
2022-02-05T05:08:29Z,673,0.04,0.95,2000000
2022-02-05T04:45:11Z,589,0.06,0.95,2000000
2022-02-05T04:42:33Z,355,0.05,0.99,1000000
2022-02-05T04:41:21Z,355,0.05,0.95,2000000
2022-02-05T04:10:03Z,168,0.03,0.95,2000000
2022-02-05T04:01:08Z,782,0.05,0.93,3000000
2022-02-05T04:00:39Z,631,0.04,0.95,2000000
2022-02-05T04:00:39Z,1263,0.06,0.93,3000000
2022-02-05T04:00:21Z,890,0.05,0.93,3000000
2022-02-05T03:39:06Z,1423,0.05,0.95,2000000
2022-02-05T03:38:20Z,1424,0.05,0.95,2000000
2022-02-05T03:30:33Z,1463,0.04,0.95,2000000
2022-02-05T03:19:48Z,421,0.06,0.99,1000000
2022-02-05T03:17:53Z,146,0.04,0.99,1000000
2022-02-05T02:57:38Z,1781,0.05,0.95,2000000
2022-02-05T02:50:09Z,109,0.06,0.95,2000000
2022-02-05T02:49:43Z,105,0.08,0.95,2000000
2022-02-05T02:47:07Z,842,0.05,0.95,2000000
2022-02-05T02:46:28Z,585,0.04,0.95,2000000
2022-02-05T02:45:50Z,712,0.05,0.95,2000000
2022-02-05T02:29:17Z,336,0.06,0.95,2000000
2022-02-05T02:25:10Z,421,0.05,0.95,2000000
2022-02-05T02:23:27Z,84,0.06,0.93,3000000
2022-02-05T02:22:55Z,29,0.04,0.93,3000000
2022-02-05T02:14:28Z,21,0.06,0.95,2000000
2022-02-05T02:13:03Z,21,0.08,0.95,2000000
2022-02-05T01:41:09Z,8424,0.04,0.99,1000000
2022-02-05T01:40:44Z,8424,0.05,0.95,2000000
2022-02-05T01:39:54Z,8424,0.06,0.95,2000000
2022-02-05T01:24:26Z,252,0.06,0.95,2000000
2022-02-05T01:23:27Z,168,0.05,0.95,2000000
2022-02-05T01:20:58Z,4211,0.05,0.95,2000000
2022-02-05T01:20:45Z,84,0.05,0.95,2000000
2022-02-05T01:18:37Z,146,0.04,0.99,1000000
2022-02-05T01:16:12Z,354,0.05,0.95,2000000
2022-02-05T01:12:29Z,842,0.03,0.95,2000000
2022-02-05T01:08:06Z,210,0.08,0.99,1000000
2022-02-05T01:06:16Z,84,0.06,0.95,2000000
2022-02-05T01:00:17Z,210,0.07,0.99,1000000
2022-02-05T00:59:57Z,210,0.06,0.99,1000000
2022-02-05T00:59:06Z,210,0.05,0.99,1000000
2022-02-05T00:58:40Z,134,0.04,0.99,1000000
2022-02-05T00:57:47Z,252,0.05,0.99,1000000
2022-02-05T00:57:28Z,146,0.04,0.99,1000000
2022-02-05T00:57:02Z,178,0.05,0.99,1000000
2022-02-05T00:55:48Z,421,0.06,0.99,1000000
2022-02-05T00:54:43Z,294,0.07,0.99,1000000
2022-02-05T00:54:10Z,421,0.08,0.99,1000000
2022-02-05T00:53:32Z,145,0.07,0.99,1000000
2022-02-05T00:50:24Z,505,0.04,0.95,2000000
2022-02-05T00:50:04Z,269,0.06,0.99,1000000
2022-02-05T00:49:32Z,282,0.06,0.95,2000000
2022-02-05T00:42:09Z,1263,0.05,0.95,2000000
2022-02-05T00:41:37Z,1292,0.04,0.95,2000000
2022-02-05T00:35:17Z,71,0.05,0.99,1000000
2022-02-05T00:31:10Z,842,0.08,0.93,3000000
2022-02-05T00:28:06Z,3119,0.11,0.95,2000000
2022-02-05T00:26:28Z,842,0.2,0.99,1000000
2022-02-05T00:25:16Z,3369,0.12,0.93,3000000
2022-02-05T00:21:24Z,84,0.1,0.99,1000000
2022-02-05T00:21:06Z,84,0.05,0.99,1000000
2022-02-05T00:14:08Z,1684,0.06,0.99,1000000
2022-02-05T00:13:50Z,146,0.04,0.95,2000000
2022-02-05T00:11:36Z,712,0.05,0.99,1000000
2022-02-05T00:10:52Z,1684,0.09,0.99,1000000
2022-02-05T00:09:26Z,2527,0.08,0.99,1000000
2022-02-05T00:08:52Z,1684,0.08,0.99,1000000
2022-02-05T00:08:08Z,1684,0.08,0.99,1000000
2022-02-05T00:06:38Z,1684,0.07,0.99,1000000
2022-02-05T00:06:12Z,1684,0.07,0.99,1000000
2022-02-05T00:05:44Z,581,0.07,0.99,1000000
2022-02-05T00:05:24Z,2527,0.07,0.99,1000000
2022-02-05T00:03:16Z,505,0.06,0.99,1000000
2022-02-05T00:03:16Z,581,0.07,0.99,1000000
2022-02-05T00:03:03Z,596,0.04,0.95,2000000
2022-02-05T00:02:50Z,330,0.04,0.95,2000000
2022-02-05T00:02:44Z,1263,0.04,0.99,1000000
2022-02-05T00:01:32Z,178,0.05,0.95,2000000
2022-02-05T00:01:19Z,842,0.04,0.99,1000000
2022-02-05T00:00:38Z,439,0.04,0.99,1000000
2022-02-04T23:59:55Z,421,0.03,0.99,1000000
2022-02-04T23:59:22Z,292,0.04,0.99,1000000
2022-02-04T23:47:22Z,29,0.13,0.95,2000000
2022-02-04T23:44:19Z,421,0.1,0.99,1000000
2022-02-04T23:43:54Z,72,0.06,0.93,3000000
2022-02-04T23:43:48Z,1684,0.1,0.99,1000000
2022-02-04T23:43:34Z,77,0.05,0.93,3000000
2022-02-04T23:43:09Z,58,0.08,0.93,3000000
2022-02-04T23:40:41Z,8423,0.18,0.99,1000000
2022-02-04T23:37:55Z,421,0.03,0.99,1000000
2022-02-04T23:20:06Z,8423,0.05,0.95,2000000
2022-02-04T23:19:21Z,842,0.04,0.95,2000000
2022-02-04T23:18:17Z,294,0.03,0.97,2000000
2022-02-04T23:16:21Z,252,0.06,0.95,2000000
2022-02-04T23:15:48Z,252,0.08,0.95,2000000
2022-02-04T23:15:07Z,252,0.1,0.95,2000000
2022-02-04T23:15:01Z,252,0.04,0.95,2000000
2022-02-04T23:14:16Z,252,0.12,0.95,2000000
2022-02-04T23:13:38Z,252,0.04,0.99,1000000
2022-02-04T23:13:20Z,716,0.04,0.95,2000000
2022-02-04T23:12:54Z,370,0.06,0.95,2000000
2022-02-04T23:12:09Z,589,0.05,0.99,1000000
2022-02-04T23:12:02Z,421,0.06,0.97,2000000
2022-02-04T23:11:36Z,421,0.05,0.95,2000000
2022-02-04T23:11:10Z,84,0.06,0.95,2000000
2022-02-04T23:10:44Z,421,0.06,0.99,1000000
2022-02-04T23:10:19Z,178,0.05,0.99,1000000
2022-02-04T23:09:53Z,178,0.05,0.95,2000000
2022-02-04T22:51:07Z,39,0.04,0.95,2000000
2022-02-04T22:50:28Z,1684,0.05,0.95,2000000
2022-02-04T22:42:33Z,313,0.07,0.95,2000000
2022-02-04T22:38:54Z,4212,0.03,0.95,2000000
2022-02-04T22:33:34Z,210,0.03,0.99,1000000
2022-02-04T22:32:23Z,210,0.03,0.5,5000000
2022-02-04T22:25:51Z,791,0.04,0.99,1000000
2022-02-04T22:16:23Z,17,0.05,0.95,2000000
2022-02-04T22:15:25Z,105,0.08,0.95,2000000
2022-02-04T22:15:12Z,2106,0.05,0.95,2000000
2022-02-04T22:14:52Z,4212,0.04,0.95,2000000
2022-02-04T22:00:31Z,3369,0.05,0.95,2000000
2022-02-04T21:59:08Z,292,0.04,0.95,2000000
2022-02-04T21:47:14Z,379,0.04,0.95,2000000
2022-02-04T21:43:12Z,42,0.04,0.95,2000000
2022-02-04T21:43:00Z,190,0.28,0.95,2000000
2022-02-04T21:40:19Z,842,0.04,0.95,2000000
2022-02-04T21:39:34Z,59,0.1,0.93,3000000
2022-02-04T21:36:05Z,585,0.04,0.95,2000000
2022-02-04T21:35:45Z,3348,0.04,0.95,2000000
2022-02-04T21:28:42Z,842,0.05,0.93,3000000
2022-02-04T21:28:18Z,842,0.04,0.99,1000000
2022-02-04T21:20:06Z,252,0.06,0.99,1000000
2022-02-04T21:14:46Z,1977,0.04,0.97,2000000
2022-02-04T21:08:58Z,42,0.05,0.99,1000000
2022-02-04T21:08:40Z,42,0.08,0.95,2000000
2022-02-04T21:08:07Z,42,0.04,0.93,3000000
2022-02-04T21:07:41Z,42,0.19,0.99,1000000
2022-02-04T21:06:35Z,39,0.07,0.95,2000000
2022-02-04T20:54:45Z,84,0.05,0.95,2000000
2022-02-04T20:50:21Z,84,0.06,0.95,2000000
2022-02-04T20:45:54Z,84,0.03,0.99,1000000
2022-02-04T20:45:29Z,134,0.05,0.93,3000000
2022-02-04T20:26:35Z,842,0.19,0.93,3000000
2022-02-04T20:25:38Z,842,0.07,0.93,3000000
2022-02-04T20:25:06Z,1263,0.05,0.93,3000000
2022-02-04T20:25:06Z,421,0.04,0.99,1000000
2022-02-04T20:24:40Z,67,0.04,0.99,1000000
2022-02-04T20:24:40Z,17,0.04,0.95,2000000
2022-02-04T20:24:21Z,1179,0.06,0.93,3000000
2022-02-04T20:24:15Z,301,0.05,0.99,1000000
2022-02-04T20:23:33Z,249,0.05,0.99,1000000
2022-02-04T20:23:20Z,842,0.08,0.93,3000000
2022-02-04T20:22:35Z,11,0.07,0.95,2000000
2022-02-04T20:22:03Z,15,0.1,0.95,2000000
2022-02-04T20:21:19Z,,0.1,0.95,2000000
2022-02-04T20:16:20Z,4983,0.05,0.95,2000000
2022-02-04T20:14:38Z,235,0.04,0.95,2000000
2022-02-04T20:14:14Z,421,0.05,0.95,2000000
2022-02-04T20:14:00Z,252,0.1,0.95,2000000
2022-02-04T20:13:41Z,454,0.09,0.95,2000000
2022-02-04T20:13:41Z,421,0.04,0.95,2000000
2022-02-04T20:13:21Z,421,0.08,0.95,2000000
2022-02-04T20:12:54Z,421,0.07,0.95,2000000
2022-02-04T20:12:35Z,421,0.06,0.95,2000000
2022-02-04T20:12:02Z,178,0.05,0.95,2000000
2022-02-04T20:07:32Z,2527,0.1,0.95,2000000
2022-02-04T20:06:27Z,534,0.05,0.95,2000000
2022-02-04T20:02:50Z,345,0.09,0.99,1000000
2022-02-04T20:01:07Z,2304,0.08,0.95,2000000
2022-02-04T20:00:42Z,3072,0.07,0.95,2000000
2022-02-04T19:59:19Z,42,0.06,0.95,2000000
2022-02-04T19:56:32Z,267,0.05,0.99,1000000
2022-02-04T19:51:24Z,591,0.04,0.95,2000000
2022-02-04T19:51:17Z,231,0.05,0.95,2000000
2022-02-04T19:49:17Z,252,0.04,0.99,1000000
2022-02-04T19:48:57Z,168,0.04,0.95,2000000
2022-02-04T19:47:06Z,564,0.06,0.95,2000000
2022-02-04T19:46:40Z,547,0.1,0.95,2000000
2022-02-04T19:46:14Z,42,0.04,0.95,2000000
2022-02-04T19:45:49Z,8425,0.08,0.95,2000000
2022-02-04T19:45:36Z,2727,0.08,0.95,2000000
2022-02-04T19:45:16Z,42,0.05,0.95,2000000
2022-02-04T19:34:26Z,14,0.04,0.95,2000000
2022-02-04T19:32:43Z,3636,0.07,0.95,2000000
2022-02-04T19:31:58Z,84,0.04,0.95,2000000
2022-02-04T19:31:31Z,467,0.09,0.95,2000000
2022-02-04T19:24:20Z,842,0.05,0.95,2000000
2022-02-04T19:24:06Z,842,0.06,0.95,2000000
2022-02-04T19:24:06Z,2106,0.06,0.95,2000000
2022-02-04T19:23:47Z,842,0.07,0.99,1000000
2022-02-04T19:23:47Z,5055,0.03,0.95,2000000
2022-02-04T19:23:27Z,842,0.08,0.95,2000000
2022-02-04T19:23:08Z,842,0.09,0.95,2000000
2022-02-04T19:22:57Z,893,0.02,0.95,2000000
2022-02-04T19:22:50Z,842,0.1,0.95,2000000
2022-02-04T19:22:37Z,674,0.11,0.95,2000000
2022-02-04T19:22:31Z,210,0.29,0.95,2000000
2022-02-04T19:22:25Z,2106,0.05,0.95,2000000
2022-02-04T19:22:11Z,674,0.12,0.95,2000000
2022-02-04T19:21:52Z,421,0.19,0.95,2000000
2022-02-04T19:21:52Z,674,0.13,0.95,2000000
2022-02-04T19:21:38Z,2106,0.04,0.95,2000000
2022-02-04T19:21:31Z,674,0.14,0.95,2000000
2022-02-04T19:20:59Z,179,0.04,0.95,2000000
2022-02-04T19:20:59Z,84,0.05,0.95,2000000
2022-02-04T19:20:33Z,674,0.15,0.95,2000000
2022-02-04T19:18:57Z,42,0.08,0.95,2000000
2022-02-04T19:17:00Z,421,0.05,0.95,2000000
2022-02-04T19:16:21Z,422,0.04,0.95,2000000
2022-02-04T19:14:52Z,1685,0.05,0.95,2000000
2022-02-04T19:08:14Z,294,0.07,0.95,2000000
2022-02-04T19:07:17Z,8,0.04,0.93,3000000
2022-02-04T19:06:51Z,752,0.07,0.93,3000000
2022-02-04T19:06:44Z,842,0.1,0.95,2000000
2022-02-04T19:04:55Z,25,0.05,0.99,1000000
2022-02-04T19:00:48Z,42,0.07,0.95,2000000
2022-02-04T19:00:23Z,42,0.05,0.95,2000000
2022-02-04T18:59:46Z,42,0.06,0.99,1000000
2022-02-04T18:58:28Z,25,0.05,0.95,2000000
2022-02-04T18:55:52Z,210,0.05,0.95,2000000
2022-02-04T18:55:33Z,73,0.04,0.95,2000000
2022-02-04T18:54:23Z,842,0.03,0.99,1000000
2022-02-04T18:52:49Z,842,0.04,0.99,1000000
2022-02-04T18:51:14Z,12,0.03,0.95,2000000
2022-02-04T18:50:53Z,16,0.02,0.93,3000000
2022-02-04T18:47:19Z,290,0.1,0.95,2000000
2022-02-04T18:46:59Z,355,0.05,0.93,3000000
2022-02-04T18:46:15Z,356,0.05,0.93,3000000
2022-02-04T18:41:45Z,5897,0.04,0.95,2000000
2022-02-04T18:41:33Z,842,0.05,0.95,2000000
2022-02-04T18:40:54Z,842,0.06,0.99,1000000
2022-02-04T18:40:54Z,2064,0.04,0.95,2000000
2022-02-04T18:36:23Z,4212,0.04,0.92,3000000
2022-02-04T18:34:26Z,403,0.06,0.95,2000000
2022-02-04T18:34:07Z,808,0.1,0.95,2000000
2022-02-04T18:33:21Z,17,0.04,0.95,2000000
2022-02-04T18:33:01Z,4,0.04,0.95,2000000
2022-02-04T18:30:12Z,4,0.04,0.95,2000000
2022-02-04T18:29:32Z,4,0.04,0.99,1000000
2022-02-04T18:27:24Z,142,0.05,0.95,2000000
2022-02-04T18:27:17Z,2527,0.06,0.95,2000000
2022-02-04T18:25:34Z,1685,0.05,0.93,3000000
2022-02-04T18:25:21Z,197,0.04,0.95,2000000
2022-02-04T18:24:17Z,2148,0.03,0.95,2000000
2022-02-04T18:22:42Z,421,0.05,0.95,2000000
